Time,GMSL,GMSL uncertainty
1880,-183.0,24.2
1880,-171.1,24.2
1880,-164.3,24.2
1880,-158.2,24.2
1880,-158.7,24.2
1880,-159.6,24.2
1880,-159.6,24.2
1880,-161.8,24.2
1880,-158.9,24.2
1880,-150.3,24.2
1880,-144.5,24.2
1880,-134.7,24.2
1881,-136.4,24.2
1881,-139.2,24.2
1881,-145.2,24.2
1881,-151.1,24.2
1881,-152.2,24.2
1881,-154.2,24.2
1881,-147.7,24.2
1881,-151.4,24.2
1881,-156.0,24.2
1881,-165.5,24.2
1881,-167.9,24.2
1881,-169.9,24.2
1882,-167.8,24.2
1882,-162.0,22.9
1882,-158.8,22.9
1882,-160.6,22.9
1882,-164.5,22.9
1882,-165.2,22.9
1882,-167.3,22.9
1882,-169.0,22.9
1882,-174.9,22.9
1882,-181.5,22.9
1882,-182.5,22.9
1882,-184.5,22.9
1883,-179.9,22.8
1883,-180.0,22.8
1883,-172.4,22.8
1883,-172.3,22.8
1883,-164.0,22.8
1883,-163.6,22.8
1883,-161.1,22.8
1883,-162.0,22.8
1883,-159.3,22.8
1883,-158.2,22.8
1883,-153.2,22.8
1883,-149.1,22.8
1884,-142.5,22.2
1884,-139.5,22.2
1884,-137.0,22.2
1884,-135.2,22.2
1884,-136.0,22.2
1884,-140.0,22.2
1884,-143.3,22.2
1884,-146.8,22.2
1884,-150.4,22.2
1884,-150.4,22.2
1884,-154.0,22.2
1884,-149.9,22.2
1885,-153.1,22.2
1885,-148.3,21.9
1885,-145.3,21.9
1885,-142.7,21.9
1885,-143.1,21.9
1885,-142.7,21.9
1885,-148.4,21.9
1885,-143.2,21.9
1885,-146.5,21.9
1885,-141.2,21.9
1885,-143.3,21.9
1885,-145.1,21.9
1886,-147.3,20.8
1886,-152.2,20.8
1886,-146.8,20.8
1886,-142.0,20.8
1886,-134.7,20.8
1886,-135.4,20.8
1886,-140.8,20.8
1886,-147.7,20.8
1886,-155.1,20.8
1886,-155.2,20.8
1886,-157.9,20.8
1886,-155.8,20.8
1887,-162.2,20.7
1887,-165.8,20.7
1887,-162.9,20.8
1887,-158.8,20.8
1887,-151.9,20.8
1887,-147.1,20.8
1887,-147.3,20.8
1887,-147.5,20.8
1887,-150.6,20.8
1887,-147.5,20.8
1887,-148.8,20.8
1887,-148.0,20.8
1888,-155.3,20.8
1888,-155.6,20.8
1888,-155.0,20.8
1888,-155.2,20.8
1888,-154.2,20.8
1888,-151.6,20.8
1888,-149.0,20.8
1888,-148.5,20.8
1888,-151.5,20.8
1888,-145.0,20.8
1888,-146.0,20.8
1888,-146.0,20.8
1889,-151.1,20.8
1889,-147.4,20.8
1889,-144.3,20.7
1889,-145.0,20.7
1889,-145.9,20.7
1889,-145.8,20.7
1889,-147.0,20.7
1889,-147.6,20.7
1889,-151.3,20.7
1889,-153.8,20.7
1889,-157.6,20.7
1889,-157.2,20.7
1890,-152.3,20.7
1890,-151.4,20.7
1890,-140.0,20.7
1890,-138.1,20.7
1890,-135.3,20.7
1890,-140.2,20.7
1890,-144.2,20.7
1890,-147.8,20.7
1890,-149.4,20.7
1890,-151.8,20.7
1890,-155.9,20.7
1890,-163.9,20.7
1891,-162.9,20.7
1891,-163.9,20.7
1891,-148.1,20.7
1891,-150.8,20.7
1891,-145.4,20.7
1891,-148.4,20.7
1891,-143.8,20.7
1891,-142.2,20.7
1891,-143.2,20.7
1891,-144.5,20.7
1891,-148.2,20.7
1891,-148.8,20.7
1892,-145.8,20.7
1892,-139.3,20.7
1892,-139.8,20.7
1892,-138.6,20.7
1892,-143.1,20.7
1892,-141.6,20.7
1892,-145.8,20.7
1892,-146.6,20.7
1892,-151.7,20.7
1892,-151.5,20.7
1892,-156.3,20.7
1892,-152.4,20.7
1893,-147.5,20.2
1893,-143.8,20.2
1893,-136.7,20.2
1893,-137.9,20.2
1893,-139.2,20.2
1893,-140.5,20.2
1893,-140.7,20.2
1893,-139.0,20.2
1893,-139.0,20.2
1893,-140.6,20.2
1893,-145.1,20.2
1893,-145.6,21.6
1894,-148.4,21.6
1894,-147.5,21.6
1894,-149.9,21.6
1894,-148.9,21.6
1894,-152.1,21.6
1894,-152.7,21.6
1894,-154.5,21.6
1894,-154.7,21.6
1894,-157.6,21.6
1894,-153.3,21.6
1894,-151.4,21.6
1894,-140.8,21.6
1895,-138.9,21.6
1895,-134.9,21.6
1895,-140.0,21.6
1895,-141.4,21.6
1895,-148.0,21.6
1895,-142.3,21.6
1895,-141.0,21.6
1895,-137.4,21.6
1895,-139.4,21.6
1895,-132.3,21.6
1895,-135.8,21.6
1895,-138.8,21.6
1896,-148.4,21.6
1896,-158.4,21.5
1896,-155.4,21.5
1896,-150.4,21.5
1896,-144.1,21.5
1896,-135.3,21.1
1896,-138.0,21.1
1896,-138.9,20.9
1896,-144.2,20.9
1896,-146.9,20.9
1896,-149.7,20.9
1896,-152.1,20.9
1897,-149.5,20.8
1897,-149.8,20.8
1897,-143.9,20.8
1897,-142.2,20.8
1897,-132.6,20.8
1897,-130.8,20.3
1897,-127.1,20.3
1897,-129.8,21.0
1897,-136.5,21.0
1897,-143.5,21.0
1897,-158.1,21.0
1897,-155.5,21.0
1898,-149.0,19.7
1898,-134.5,19.7
1898,-126.6,19.7
1898,-124.9,19.7
1898,-123.6,19.7
1898,-129.7,19.7
1898,-133.4,19.7
1898,-139.5,19.7
1898,-137.4,19.7
1898,-132.3,19.7
1898,-128.4,19.7
1898,-127.3,19.7
1899,-126.7,19.4
1899,-129.0,19.4
1899,-128.0,19.4
1899,-125.0,19.4
1899,-127.9,19.4
1899,-128.6,19.4
1899,-131.9,19.4
1899,-125.8,19.4
1899,-120.1,19.4
1899,-114.3,19.4
1899,-117.1,19.4
1899,-122.5,19.4
1900,-128.9,18.3
1900,-130.8,18.3
1900,-129.5,18.3
1900,-129.8,18.3
1900,-127.3,18.3
1900,-128.2,18.3
1900,-130.5,18.3
1900,-128.7,18.3
1900,-135.1,18.3
1900,-130.2,18.3
1900,-132.1,18.3
1900,-130.1,18.3
1901,-132.8,18.3
1901,-134.7,18.3
1901,-135.0,17.4
1901,-131.0,17.4
1901,-135.0,17.4
1901,-133.7,17.4
1901,-136.2,17.4
1901,-131.0,17.4
1901,-127.0,17.4
1901,-124.1,17.4
1901,-122.6,17.4
1901,-123.3,17.5
1902,-122.6,17.4
1902,-122.1,17.4
1902,-123.3,17.4
1902,-128.0,17.4
1902,-132.3,17.4
1902,-132.9,17.4
1902,-131.7,17.3
1902,-127.8,17.3
1902,-124.4,17.3
1902,-121.8,17.3
1902,-121.3,17.3
1902,-122.8,17.3
1903,-121.2,17.0
1903,-121.7,17.0
1903,-115.0,17.0
1903,-110.3,17.0
1903,-109.8,17.0
1903,-110.6,17.0
1903,-116.2,17.0
1903,-119.5,17.0
1903,-123.6,17.0
1903,-120.6,17.0
1903,-124.2,16.7
1903,-121.5,17.1
1904,-125.9,17.1
1904,-118.2,17.1
1904,-122.9,17.1
1904,-123.3,17.1
1904,-128.3,16.8
1904,-126.6,16.8
1904,-130.2,16.8
1904,-131.2,16.8
1904,-132.6,16.8
1904,-131.6,16.8
1904,-132.3,16.8
1904,-134.8,16.8
1905,-138.0,15.4
1905,-140.1,15.4
1905,-139.6,15.4
1905,-138.1,15.4
1905,-136.0,15.4
1905,-134.4,15.4
1905,-132.0,15.4
1905,-128.1,15.4
1905,-125.4,15.4
1905,-127.6,15.4
1905,-130.7,15.4
1905,-134.8,15.4
1906,-131.8,14.7
1906,-129.5,14.7
1906,-128.1,14.7
1906,-128.9,14.7
1906,-125.5,14.7
1906,-124.1,14.7
1906,-122.3,14.7
1906,-125.4,14.7
1906,-124.9,14.7
1906,-125.7,14.7
1906,-127.6,14.7
1906,-128.8,14.9
1907,-129.5,14.9
1907,-126.4,14.9
1907,-125.2,14.9
1907,-122.8,14.9
1907,-125.1,14.9
1907,-123.2,14.9
1907,-126.4,14.9
1907,-123.8,14.9
1907,-131.7,14.9
1907,-133.1,14.9
1907,-137.6,14.9
1907,-134.5,14.9
1908,-131.1,14.5
1908,-129.1,14.5
1908,-129.2,14.5
1908,-131.4,14.5
1908,-132.5,14.5
1908,-127.9,14.5
1908,-127.3,14.5
1908,-124.9,14.5
1908,-130.1,14.5
1908,-134.3,14.3
1908,-136.3,14.3
1908,-135.4,14.3
1909,-127.7,14.3
1909,-125.1,14.3
1909,-120.6,14.3
1909,-123.4,14.3
1909,-126.2,14.3
1909,-130.8,14.3
1909,-129.0,14.3
1909,-129.8,14.3
1909,-126.3,15.1
1909,-126.4,15.1
1909,-124.5,15.1
1909,-125.9,15.1
1910,-127.3,15.1
1910,-130.6,15.1
1910,-129.9,14.9
1910,-129.5,14.9
1910,-124.7,14.9
1910,-124.0,14.9
1910,-121.8,14.9
1910,-124.4,14.1
1910,-124.4,14.1
1910,-126.4,14.1
1910,-126.6,14.1
1910,-127.4,14.3
1911,-127.4,14.3
1911,-123.9,14.3
1911,-121.1,14.3
1911,-120.6,14.3
1911,-121.8,14.3
1911,-121.2,14.3
1911,-120.1,14.1
1911,-114.1,14.1
1911,-111.2,14.0
1911,-108.1,14.0
1911,-112.7,14.0
1911,-114.5,14.1
1912,-121.9,14.1
1912,-123.7,14.1
1912,-127.2,14.1
1912,-127.1,14.1
1912,-126.0,14.1
1912,-120.7,14.1
1912,-119.9,14.1
1912,-118.6,14.2
1912,-119.1,14.2
1912,-118.7,14.4
1912,-116.7,14.4
1912,-114.4,14.3
1913,-119.8,14.3
1913,-123.2,14.0
1913,-128.2,14.0
1913,-127.7,14.0
1913,-126.0,14.0
1913,-120.7,14.0
1913,-117.2,14.0
1913,-114.3,14.0
1913,-114.0,14.0
1913,-114.8,14.0
1913,-110.8,14.0
1913,-116.0,14.2
1914,-110.9,14.2
1914,-117.0,14.2
1914,-115.3,14.2
1914,-118.1,13.7
1914,-116.8,13.7
1914,-119.9,13.7
1914,-119.7,13.7
1914,-122.5,13.7
1914,-117.0,13.7
1914,-111.8,13.7
1914,-99.0,13.7
1914,-88.6,13.7
1915,-83.7,13.6
1915,-85.2,13.6
1915,-93.1,13.6
1915,-102.3,13.6
1915,-108.5,13.6
1915,-111.1,13.6
1915,-113.6,13.6
1915,-114.4,13.6
1915,-115.4,13.6
1915,-115.2,13.6
1915,-109.7,13.6
1915,-110.0,13.8
1916,-103.7,13.0
1916,-106.3,13.0
1916,-101.1,13.0
1916,-104.1,13.0
1916,-102.8,12.9
1916,-108.0,12.9
1916,-111.7,12.9
1916,-115.9,12.9
1916,-113.6,12.9
1916,-111.7,13.1
1916,-103.8,13.1
1916,-102.7,13.1
1917,-102.8,13.0
1917,-109.1,12.8
1917,-112.4,12.8
1917,-115.9,12.8
1917,-115.1,12.8
1917,-113.9,12.8
1917,-110.1,12.8
1917,-110.7,12.8
1917,-111.5,12.8
1917,-113.1,12.8
1917,-113.7,12.8
1917,-111.3,12.8
1918,-109.7,12.7
1918,-113.5,12.7
1918,-115.2,12.7
1918,-117.1,12.7
1918,-114.6,12.7
1918,-112.7,12.7
1918,-112.1,12.7
1918,-113.6,12.7
1918,-109.9,12.7
1918,-112.0,12.7
1918,-111.8,12.7
1918,-116.4,12.7
1919,-118.1,12.6
1919,-119.9,12.6
1919,-118.3,12.7
1919,-115.4,12.7
1919,-112.7,12.7
1919,-106.2,12.7
1919,-107.0,12.7
1919,-103.5,12.7
1919,-105.2,12.7
1919,-108.5,12.6
1919,-109.9,12.6
1919,-114.4,13.0
1920,-114.9,13.0
1920,-116.9,13.0
1920,-116.2,13.0
1920,-112.1,13.0
1920,-107.4,13.0
1920,-103.6,13.0
1920,-103.2,13.0
1920,-106.0,13.0
1920,-109.6,13.0
1920,-110.8,13.0
1920,-112.2,13.0
1920,-110.1,13.3
1921,-110.0,13.1
1921,-106.9,13.1
1921,-105.5,13.1
1921,-104.1,13.1
1921,-102.1,13.1
1921,-103.5,13.1
1921,-105.1,13.1
1921,-111.3,13.1
1921,-114.2,13.1
1921,-113.1,13.1
1921,-113.6,13.1
1921,-109.4,13.1
1922,-111.0,13.1
1922,-106.7,13.1
1922,-108.0,13.1
1922,-107.0,13.1
1922,-105.9,13.1
1922,-106.2,13.2
1922,-111.3,13.2
1922,-114.7,13.2
1922,-116.4,13.2
1922,-112.5,13.2
1922,-106.6,13.2
1922,-103.2,13.3
1923,-104.6,13.0
1923,-109.2,13.0
1923,-107.9,13.0
1923,-103.6,13.0
1923,-99.3,12.9
1923,-101.9,12.9
1923,-107.5,12.9
1923,-110.5,12.9
1923,-110.5,12.9
1923,-109.7,12.9
1923,-113.9,12.9
1923,-116.7,13.0
1924,-118.0,13.0
1924,-112.7,13.0
1924,-113.4,13.0
1924,-111.8,13.0
1924,-115.2,13.0
1924,-115.3,13.1
1924,-116.8,13.1
1924,-116.1,13.1
1924,-115.6,13.2
1924,-115.7,13.2
1924,-117.0,13.0
1924,-115.2,13.6
1925,-112.3,13.6
1925,-110.6,13.6
1925,-112.5,13.6
1925,-115.3,13.6
1925,-114.8,13.6
1925,-115.0,13.6
1925,-115.3,13.6
1925,-116.3,13.6
1925,-115.0,13.6
1925,-112.9,13.6
1925,-110.9,13.6
1925,-107.4,14.2
1926,-111.3,14.1
1926,-112.2,14.1
1926,-115.4,13.7
1926,-112.3,13.7
1926,-110.3,13.7
1926,-107.7,13.7
1926,-104.5,13.6
1926,-97.9,13.6
1926,-97.2,13.6
1926,-96.3,13.6
1926,-105.8,13.6
1926,-109.4,13.6
1927,-113.4,13.2
1927,-109.1,13.2
1927,-107.2,13.2
1927,-104.9,13.2
1927,-105.3,13.1
1927,-104.5,13.1
1927,-106.3,13.1
1927,-103.7,12.5
1927,-109.6,12.5
1927,-106.9,12.5
1927,-110.7,12.5
1927,-111.5,12.5
1928,-117.7,12.5
1928,-117.6,12.4
1928,-115.7,12.3
1928,-110.4,12.3
1928,-108.9,12.3
1928,-106.3,12.3
1928,-106.0,12.3
1928,-105.6,12.3
1928,-106.1,12.3
1928,-111.2,12.3
1928,-115.6,12.3
1928,-118.7,12.3
1929,-120.8,12.3
1929,-115.8,12.4
1929,-113.3,12.4
1929,-107.4,12.1
1929,-109.9,12.1
1929,-106.1,12.1
1929,-106.0,12.1
1929,-106.4,12.1
1929,-107.0,12.1
1929,-109.4,12.1
1929,-109.2,12.1
1929,-112.1,12.1
1930,-110.8,12.0
1930,-112.3,12.0
1930,-112.3,12.0
1930,-114.3,11.9
1930,-112.7,11.9
1930,-105.7,11.9
1930,-98.2,11.9
1930,-96.1,11.9
1930,-98.5,11.9
1930,-101.5,11.9
1930,-105.6,11.9
1930,-107.8,12.2
1931,-106.9,12.2
1931,-109.1,12.2
1931,-106.6,12.2
1931,-108.5,12.2
1931,-106.4,12.2
1931,-105.9,12.2
1931,-101.9,12.2
1931,-103.7,12.2
1931,-106.0,12.2
1931,-109.0,12.2
1931,-109.9,12.2
1931,-106.5,12.2
1932,-104.1,11.9
1932,-100.8,11.9
1932,-101.8,11.9
1932,-100.5,11.9
1932,-102.2,11.9
1932,-102.3,11.9
1932,-101.5,11.9
1932,-102.9,11.9
1932,-100.3,11.9
1932,-100.7,11.9
1932,-98.2,11.8
1932,-97.1,11.9
1933,-93.8,11.8
1933,-93.0,11.8
1933,-92.4,11.8
1933,-92.6,11.8
1933,-95.2,11.8
1933,-94.5,11.8
1933,-99.0,11.8
1933,-97.7,11.8
1933,-99.0,11.8
1933,-98.7,11.7
1933,-102.2,11.7
1933,-102.2,12.0
1934,-101.5,11.9
1934,-99.1,11.8
1934,-96.7,11.8
1934,-97.8,11.8
1934,-98.7,11.8
1934,-102.7,11.8
1934,-103.3,11.8
1934,-107.3,11.8
1934,-105.8,11.8
1934,-108.5,11.8
1934,-102.6,11.8
1934,-100.5,12.0
1935,-95.5,12.0
1935,-93.3,12.0
1935,-92.9,12.0
1935,-91.7,12.0
1935,-95.0,11.8
1935,-94.3,11.8
1935,-95.3,11.8
1935,-96.1,11.8
1935,-98.4,11.8
1935,-101.3,11.8
1935,-102.8,11.8
1935,-101.0,11.8
1936,-97.1,11.7
1936,-94.7,11.7
1936,-99.2,11.7
1936,-102.5,11.7
1936,-104.4,11.8
1936,-101.9,11.8
1936,-102.9,11.8
1936,-100.9,11.8
1936,-103.6,11.8
1936,-99.3,11.8
1936,-100.6,11.8
1936,-97.6,11.9
1937,-98.9,11.8
1937,-93.9,11.8
1937,-95.5,11.8
1937,-93.5,11.8
1937,-94.9,11.9
1937,-96.9,11.8
1937,-96.6,11.8
1937,-97.4,11.8
1937,-93.9,11.8
1937,-93.4,11.8
1937,-91.5,11.8
1937,-89.9,11.8
1938,-87.7,11.7
1938,-86.4,11.7
1938,-85.9,11.7
1938,-88.0,11.7
1938,-93.7,11.7
1938,-96.8,11.7
1938,-101.3,11.7
1938,-97.8,11.7
1938,-96.1,11.7
1938,-90.7,11.7
1938,-89.9,11.7
1938,-90.6,12.6
1939,-90.0,12.4
1939,-94.4,12.4
1939,-91.8,12.4
1939,-89.7,12.4
1939,-84.4,12.4
1939,-77.7,12.1
1939,-77.6,12.1
1939,-80.4,12.1
1939,-86.9,12.1
1939,-91.0,12.0
1939,-89.4,12.0
1939,-89.2,12.1
1940,-88.3,11.1
1940,-89.5,11.1
1940,-91.2,11.1
1940,-95.9,11.0
1940,-96.6,11.0
1940,-101.0,11.0
1940,-99.1,11.0
1940,-96.2,11.0
1940,-92.2,11.0
1940,-87.9,11.0
1940,-84.7,11.0
1940,-83.7,11.0
1941,-84.4,10.9
1941,-81.2,10.9
1941,-80.8,10.9
1941,-79.4,10.9
1941,-81.3,10.8
1941,-81.3,10.8
1941,-78.3,10.8
1941,-73.9,10.8
1941,-74.4,10.8
1941,-77.8,10.8
1941,-83.5,10.8
1941,-83.6,10.9
1942,-85.2,10.9
1942,-84.2,10.8
1942,-85.5,10.8
1942,-86.0,10.8
1942,-84.8,10.8
1942,-81.8,10.8
1942,-78.4,10.9
1942,-75.4,10.8
1942,-73.5,10.8
1942,-74.4,10.8
1942,-74.5,10.8
1942,-76.9,10.8
1943,-74.4,10.8
1943,-73.6,10.8
1943,-74.1,10.8
1943,-74.3,10.8
1943,-78.4,10.7
1943,-78.2,10.7
1943,-82.3,10.7
1943,-82.8,10.7
1943,-84.2,10.7
1943,-84.9,10.7
1943,-86.1,10.7
1943,-86.7,11.2
1944,-83.2,10.9
1944,-77.1,10.9
1944,-74.4,10.8
1944,-79.0,10.7
1944,-86.3,10.6
1944,-92.1,10.6
1944,-94.9,10.6
1944,-95.1,10.6
1944,-93.2,10.6
1944,-90.2,10.6
1944,-86.5,10.6
1944,-85.3,10.6
1945,-84.3,10.6
1945,-84.6,10.6
1945,-85.4,10.6
1945,-84.1,10.6
1945,-82.8,10.6
1945,-78.8,10.6
1945,-82.8,10.6
1945,-83.0,10.7
1945,-87.3,10.8
1945,-84.8,10.8
1945,-84.5,10.8
1945,-81.2,11.0
1946,-82.3,10.9
1946,-78.4,10.9
1946,-79.2,10.9
1946,-75.3,10.9
1946,-72.8,10.8
1946,-69.8,10.8
1946,-68.5,10.4
1946,-71.0,10.4
1946,-74.9,10.4
1946,-78.4,10.4
1946,-81.0,10.4
1946,-81.7,10.2
1947,-82.3,10.0
1947,-80.1,10.0
1947,-77.5,9.8
1947,-79.8,9.7
1947,-79.2,9.5
1947,-77.2,9.5
1947,-74.5,9.5
1947,-71.9,9.5
1947,-68.5,9.5
1947,-64.0,9.5
1947,-59.3,9.5
1947,-61.0,9.5
1948,-63.9,9.3
1948,-68.4,9.3
1948,-70.5,9.3
1948,-70.5,9.3
1948,-69.2,9.3
1948,-69.3,9.3
1948,-67.7,9.3
1948,-69.7,9.3
1948,-68.3,9.2
1948,-68.7,9.1
1948,-66.8,9.2
1948,-65.6,9.2
1949,-64.0,8.8
1949,-63.6,8.8
1949,-67.2,8.8
1949,-69.8,8.8
1949,-71.9,8.8
1949,-72.2,8.2
1949,-73.3,8.2
1949,-72.0,8.2
1949,-73.4,8.2
1949,-69.7,8.3
1949,-69.2,8.1
1949,-67.7,8.1
1950,-69.6,8.0
1950,-70.8,7.9
1950,-70.9,7.9
1950,-68.8,7.9
1950,-68.3,7.9
1950,-67.9,7.9
1950,-68.5,7.9
1950,-69.2,7.9
1950,-67.5,7.9
1950,-64.7,7.9
1950,-61.9,7.9
1950,-59.5,7.9
1951,-60.9,7.8
1951,-56.9,7.8
1951,-51.6,7.8
1951,-51.0,7.8
1951,-50.7,7.7
1951,-55.8,7.7
1951,-59.4,7.7
1951,-63.0,7.7
1951,-61.7,7.7
1951,-61.6,7.7
1951,-59.8,7.7
1951,-61.6,7.7
1952,-62.2,7.7
1952,-62.7,7.7
1952,-64.4,7.7
1952,-64.2,7.7
1952,-63.6,7.7
1952,-61.1,7.7
1952,-62.2,7.7
1952,-61.4,7.7
1952,-59.1,7.6
1952,-57.8,7.6
1952,-53.2,7.6
1952,-52.7,7.6
1953,-53.1,7.5
1953,-56.0,7.5
1953,-57.8,7.5
1953,-55.8,7.5
1953,-52.5,7.5
1953,-49.9,7.4
1953,-52.4,7.5
1953,-55.0,7.5
1953,-57.6,7.4
1953,-59.8,7.4
1953,-60.5,7.4
1953,-61.2,7.4
1954,-59.0,7.4
1954,-57.6,7.4
1954,-56.9,7.4
1954,-59.2,7.3
1954,-58.9,7.3
1954,-61.8,7.3
1954,-64.4,7.3
1954,-65.2,7.3
1954,-62.9,7.3
1954,-58.0,7.3
1954,-52.8,7.3
1954,-50.5,7.3
1955,-48.8,7.2
1955,-49.1,7.1
1955,-52.4,7.1
1955,-56.5,7.1
1955,-61.2,7.1
1955,-64.2,7.1
1955,-66.3,7.1
1955,-63.1,7.1
1955,-62.0,7.1
1955,-57.5,7.1
1955,-57.0,7.1
1955,-57.6,7.1
1956,-58.6,7.1
1956,-62.2,7.1
1956,-61.4,7.1
1956,-58.5,7.1
1956,-58.5,7.0
1956,-60.0,7.0
1956,-64.9,7.0
1956,-66.1,7.0
1956,-66.8,7.0
1956,-67.2,7.0
1956,-67.3,7.0
1956,-65.9,7.2
1957,-61.3,7.1
1957,-53.1,7.1
1957,-48.9,7.1
1957,-47.2,7.1
1957,-45.5,7.1
1957,-45.4,7.1
1957,-45.7,6.8
1957,-48.8,6.8
1957,-49.6,6.8
1957,-50.7,6.8
1957,-49.5,6.8
1957,-50.5,6.8
1958,-48.5,6.7
1958,-49.0,6.7
1958,-48.9,6.7
1958,-51.4,6.7
1958,-50.9,6.7
1958,-51.0,6.7
1958,-49.8,6.6
1958,-49.2,6.6
1958,-47.9,6.6
1958,-45.6,6.6
1958,-44.2,6.6
1958,-43.3,6.6
1959,-45.4,6.5
1959,-48.7,6.5
1959,-50.8,6.5
1959,-50.1,6.5
1959,-49.7,6.5
1959,-48.3,6.5
1959,-48.0,6.5
1959,-45.6,6.5
1959,-46.6,6.5
1959,-45.0,6.5
1959,-49.4,6.6
1959,-48.6,6.6
1960,-48.9,6.6
1960,-44.9,6.6
1960,-45.1,6.6
1960,-43.1,6.6
1960,-42.5,6.6
1960,-42.9,6.6
1960,-44.1,6.6
1960,-44.9,6.6
1960,-45.4,6.6
1960,-44.7,6.6
1960,-43.9,6.6
1960,-40.8,6.6
1961,-38.0,6.6
1961,-33.2,6.6
1961,-32.8,6.6
1961,-32.4,6.6
1961,-34.8,6.6
1961,-36.9,6.6
1961,-37.8,6.6
1961,-38.8,6.6
1961,-40.0,6.6
1961,-43.1,6.6
1961,-45.1,6.6
1961,-44.2,6.7
1962,-44.3,6.7
1962,-42.8,6.7
1962,-44.1,6.6
1962,-44.6,6.6
1962,-45.4,6.6
1962,-45.1,6.6
1962,-46.6,6.6
1962,-43.7,6.6
1962,-42.3,6.6
1962,-39.1,6.6
1962,-40.1,6.6
1962,-41.7,6.7
1963,-40.5,6.6
1963,-40.7,6.6
1963,-40.8,6.6
1963,-42.8,6.6
1963,-44.2,6.7
1963,-45.7,6.7
1963,-47.0,6.7
1963,-48.3,6.7
1963,-45.9,6.6
1963,-47.1,6.6
1963,-45.3,6.6
1963,-50.8,6.6
1964,-55.0,6.6
1964,-59.3,6.6
1964,-60.2,6.6
1964,-60.7,6.6
1964,-56.2,6.6
1964,-50.8,6.7
1964,-46.8,6.7
1964,-46.6,6.7
1964,-48.5,6.7
1964,-51.3,6.7
1964,-50.8,6.7
1964,-47.7,6.8
1965,-43.3,6.7
1965,-38.8,6.7
1965,-40.8,6.8
1965,-44.0,6.7
1965,-47.6,6.7
1965,-46.7,6.6
1965,-43.5,6.5
1965,-40.0,6.5
1965,-36.6,6.6
1965,-38.2,6.6
1965,-38.7,6.7
1965,-40.3,6.7
1966,-40.9,6.5
1966,-42.9,6.5
1966,-45.4,6.4
1966,-47.5,6.5
1966,-48.6,6.5
1966,-48.9,6.5
1966,-47.1,6.5
1966,-46.7,6.5
1966,-46.7,6.6
1966,-48.1,6.6
1966,-51.5,6.6
1966,-49.3,6.6
1967,-50.5,6.6
1967,-50.2,6.6
1967,-52.5,6.6
1967,-50.9,6.5
1967,-49.4,6.6
1967,-44.6,6.5
1967,-44.0,6.5
1967,-42.0,6.5
1967,-41.7,6.5
1967,-41.0,6.5
1967,-40.4,6.5
1967,-40.1,6.6
1968,-39.6,6.7
1968,-42.0,6.7
1968,-48.0,6.7
1968,-53.0,6.7
1968,-56.7,6.7
1968,-55.3,6.7
1968,-50.9,6.7
1968,-43.5,6.7
1968,-39.6,6.7
1968,-36.0,6.7
1968,-35.7,6.7
1968,-37.4,6.9
1969,-35.8,6.9
1969,-37.2,6.9
1969,-36.2,7.0
1969,-37.4,7.0
1969,-38.6,7.0
1969,-39.1,7.0
1969,-41.1,7.0
1969,-38.9,7.0
1969,-37.9,7.0
1969,-36.5,7.0
1969,-37.9,7.0
1969,-39.4,7.0
1970,-38.8,7.0
1970,-37.6,7.0
1970,-38.2,7.0
1970,-41.1,6.9
1970,-41.3,6.9
1970,-41.0,6.9
1970,-42.6,6.9
1970,-41.9,7.0
1970,-42.4,7.0
1970,-38.7,7.0
1970,-38.6,7.0
1970,-37.1,7.0
1971,-34.9,7.0
1971,-31.7,7.0
1971,-30.7,7.0
1971,-31.4,6.9
1971,-35.2,6.9
1971,-37.7,6.9
1971,-38.5,6.9
1971,-36.5,6.9
1971,-33.1,6.9
1971,-33.5,6.9
1971,-35.9,6.9
1971,-37.6,6.9
1972,-34.0,6.9
1972,-29.2,6.9
1972,-25.3,7.1
1972,-24.6,7.1
1972,-22.6,6.9
1972,-20.2,6.9
1972,-19.1,6.9
1972,-23.1,6.9
1972,-25.7,6.9
1972,-27.9,6.9
1972,-26.9,6.9
1972,-28.5,6.9
1973,-33.2,6.9
1973,-33.6,6.9
1973,-34.6,6.9
1973,-31.7,6.9
1973,-33.8,6.9
1973,-32.7,6.8
1973,-34.4,6.8
1973,-34.4,6.8
1973,-34.5,6.8
1973,-31.6,6.8
1973,-24.7,6.8
1973,-19.9,6.8
1974,-15.4,6.8
1974,-16.5,6.8
1974,-17.6,6.8
1974,-17.4,6.8
1974,-17.7,6.8
1974,-18.3,6.8
1974,-20.4,6.8
1974,-22.1,6.8
1974,-23.0,6.8
1974,-23.8,6.8
1974,-22.6,6.8
1974,-21.8,6.8
1975,-21.1,6.8
1975,-20.2,6.8
1975,-18.7,6.8
1975,-20.0,6.7
1975,-21.3,6.7
1975,-23.4,6.7
1975,-23.4,6.7
1975,-22.0,6.7
1975,-21.3,6.7
1975,-20.7,6.7
1975,-20.5,6.8
1975,-22.7,6.8
1976,-22.9,6.8
1976,-25.7,6.8
1976,-24.4,6.8
1976,-23.2,6.8
1976,-22.5,6.8
1976,-20.4,6.8
1976,-21.6,6.8
1976,-23.5,6.8
1976,-22.2,6.8
1976,-22.6,6.7
1976,-19.7,6.7
1976,-19.5,6.7
1977,-20.9,6.7
1977,-23.6,6.7
1977,-25.4,6.7
1977,-27.6,6.7
1977,-27.1,6.7
1977,-26.5,6.6
1977,-25.5,6.6
1977,-24.8,6.6
1977,-23.8,6.5
1977,-23.1,6.5
1977,-21.0,6.5
1977,-18.3,6.6
1978,-15.7,6.6
1978,-12.0,6.6
1978,-13.0,6.6
1978,-13.3,6.6
1978,-17.0,6.6
1978,-18.5,6.6
1978,-19.9,6.7
1978,-18.3,6.7
1978,-18.0,6.7
1978,-17.7,6.7
1978,-22.2,6.7
1978,-25.2,6.7
1979,-28.0,6.7
1979,-26.9,6.7
1979,-25.8,6.7
1979,-26.1,6.7
1979,-27.5,6.7
1979,-27.1,6.7
1979,-24.7,6.7
1979,-19.9,6.7
1979,-17.3,6.7
1979,-14.9,6.7
1979,-17.2,6.5
1979,-15.0,6.5
1980,-15.2,6.5
1980,-14.1,6.5
1980,-16.1,6.4
1980,-15.8,6.5
1980,-16.1,6.5
1980,-16.7,6.5
1980,-19.2,6.6
1980,-21.0,6.6
1980,-21.0,6.6
1980,-19.2,6.6
1980,-14.0,6.6
1980,-9.9,6.6
1981,-7.8,6.5
1981,-6.8,6.5
1981,-5.0,6.6
1981,-4.0,6.6
1981,-2.7,6.6
1981,-2.2,6.5
1981,-3.9,6.5
1981,-3.1,6.4
1981,-4.1,6.4
1981,-2.0,6.4
1981,-2.9,6.4
1981,-4.4,6.4
1982,-8.2,6.4
1982,-9.3,6.4
1982,-10.6,6.4
1982,-13.1,6.4
1982,-13.5,6.4
1982,-14.7,6.3
1982,-15.8,6.3
1982,-14.4,6.3
1982,-10.3,6.3
1982,-4.7,6.2
1982,-2.1,6.2
1982,-1.6,6.4
1983,0.2,6.4
1983,-0.5,6.5
1983,1.1,6.5
1983,4.3,6.5
1983,7.5,6.5
1983,6.0,6.5
1983,1.8,6.5
1983,-5.9,6.4
1983,-6.7,6.4
1983,-9.7,6.5
1983,-6.8,6.5
1983,-8.9,6.5
1984,-7.5,6.5
1984,-6.3,6.5
1984,-3.0,6.4
1984,-2.2,6.3
1984,-1.2,6.3
1984,1.0,6.3
1984,0.6,6.3
1984,2.0,6.3
1984,-0.2,6.3
1984,-1.1,6.3
1984,-4.4,6.3
1984,-6.4,6.4
1985,-10.4,6.2
1985,-9.5,6.2
1985,-11.7,6.2
1985,-11.7,6.2
1985,-13.5,6.3
1985,-13.1,6.3
1985,-13.7,6.3
1985,-15.4,6.3
1985,-14.6,6.3
1985,-13.9,6.3
1985,-12.5,6.3
1985,-12.2,6.3
1986,-10.8,6.3
1986,-9.7,6.3
1986,-10.3,6.3
1986,-10.5,6.3
1986,-11.8,6.3
1986,-11.0,6.3
1986,-13.3,6.3
1986,-12.5,6.3
1986,-13.5,6.3
1986,-13.9,6.3
1986,-14.3,6.2
1986,-13.1,6.2
1987,-11.2,6.2
1987,-8.5,6.2
1987,-10.8,6.2
1987,-12.4,6.3
1987,-10.9,6.3
1987,-9.3,6.3
1987,-8.2,6.3
1987,-13.5,6.3
1987,-15.3,6.2
1987,-16.7,6.2
1987,-12.1,6.2
1987,-8.6,6.3
1988,-9.1,6.3
1988,-7.8,6.2
1988,-9.9,6.3
1988,-8.2,6.3
1988,-8.1,6.3
1988,-6.6,6.3
1988,-6.4,6.3
1988,-4.8,6.3
1988,-3.3,6.3
1988,-2.6,6.3
1988,-4.9,6.3
1988,-9.4,6.4
1989,-9.4,6.4
1989,-8.0,6.3
1989,-2.4,6.3
1989,-1.6,6.3
1989,-1.1,6.3
1989,-3.0,6.3
1989,-2.7,6.3
1989,-1.0,6.4
1989,0.3,6.4
1989,0.6,6.4
1989,1.1,6.4
1989,-0.6,6.4
1990,-0.2,6.5
1990,-2.6,6.5
1990,-4.4,6.5
1990,-3.9,6.5
1990,-4.1,6.5
1990,-0.0,6.5
1990,-0.2,6.5
1990,2.8,6.5
1990,3.0,6.5
1990,3.8,6.5
1990,4.3,6.5
1990,1.6,6.5
1991,3.0,6.5
1991,3.7,6.5
1991,5.0,6.5
1991,1.4,6.5
1991,-1.0,6.5
1991,-1.4,6.5
1991,1.0,6.5
1991,3.6,6.5
1991,3.8,6.5
1991,4.1,6.5
1991,4.0,6.5
1991,2.9,6.6
1992,5.0,6.6
1992,6.0,6.6
1992,4.6,6.5
1992,3.1,6.6
1992,0.6,6.6
1992,1.0,6.6
1992,0.3,6.6
1992,0.6,6.6
1992,2.2,6.5
1992,5.5,6.5
1992,5.1,6.5
1992,4.0,6.6
1993,2.7,6.6
1993,3.8,6.6
1993,6.3,6.6
1993,8.3,6.6
1993,8.6,6.6
1993,4.3,6.6
1993,0.6,6.6
1993,-2.4,6.6
1993,-5.3,6.6
1993,-4.1,6.6
1993,-5.2,6.6
1993,-0.6,6.6
1994,3.4,6.6
1994,4.0,6.6
1994,6.0,6.6
1994,5.1,6.5
1994,7.4,6.5
1994,6.4,6.5
1994,9.0,6.5
1994,8.3,6.5
1994,8.0,6.5
1994,7.6,6.5
1994,5.9,6.6
1994,7.8,6.6
1995,8.6,6.6
1995,9.7,6.6
1995,10.4,6.6
1995,8.6,6.6
1995,7.7,6.6
1995,6.6,6.6
1995,7.9,6.5
1995,7.3,6.5
1995,8.6,6.5
1995,10.1,6.5
1995,12.5,6.5
1995,16.3,6.5
1996,16.2,6.6
1996,16.1,6.6
1996,11.1,6.6
1996,8.4,6.6
1996,7.5,6.6
1996,7.1,6.6
1996,13.0,6.5
1996,15.6,6.6
1996,20.7,6.6
1996,18.1,6.7
1996,16.0,6.7
1996,14.2,6.7
1997,16.5,6.6
1997,19.2,6.6
1997,22.8,6.6
1997,23.1,6.6
1997,22.7,6.6
1997,22.2,6.6
1997,17.6,6.6
1997,17.7,6.6
1997,16.9,6.6
1997,22.1,6.6
1997,22.0,6.7
1997,23.9,6.7
1998,20.4,6.7
1998,16.4,6.7
1998,11.5,6.8
1998,7.1,6.9
1998,6.5,6.8
1998,7.2,6.8
1998,9.5,6.8
1998,10.1,6.8
1998,11.6,6.8
1998,9.9,6.8
1998,8.9,6.8
1998,8.9,6.8
1999,12.5,6.8
1999,15.8,6.8
1999,20.7,6.7
1999,19.9,6.8
1999,21.9,6.8
1999,21.3,6.8
1999,23.2,6.9
1999,22.7,7.0
1999,22.2,7.0
1999,20.3,6.9
1999,16.2,6.9
1999,14.0,6.9
2000,12.8,6.8
2000,15.5,6.8
2000,19.4,6.8
2000,22.2,6.8
2000,26.2,6.8
2000,25.9,6.8
2000,27.1,6.8
2000,22.4,6.9
2000,20.0,6.8
2000,16.7,6.8
2000,17.8,6.8
2000,19.8,6.8
2001,23.8,6.7
2001,24.2,6.7
2001,27.0,6.7
2001,24.8,6.7
2001,25.3,6.7
2001,25.7,6.7
2001,27.1,6.7
2001,29.8,6.7
2001,29.9,6.7
2001,27.6,6.7
2001,24.5,6.8
2001,22.1,6.8
2002,23.1,6.8
2002,24.3,6.8
2002,25.9,6.8
2002,24.9,6.8
2002,26.5,6.8
2002,29.2,6.8
2002,29.4,6.8
2002,28.5,6.8
2002,30.0,6.8
2002,31.4,6.8
2002,34.2,6.8
2002,32.9,6.8
2003,31.8,6.7
2003,30.2,6.8
2003,29.3,6.8
2003,33.5,6.8
2003,35.9,6.8
2003,40.0,6.8
2003,40.0,7.0
2003,42.4,7.0
2003,43.6,7.1
2003,44.3,7.1
2003,41.0,6.9
2003,39.3,7.0
2004,36.3,6.9
2004,33.4,6.9
2004,33.9,7.0
2004,34.9,6.9
2004,39.2,6.9
2004,41.5,6.9
2004,40.4,6.9
2004,41.6,7.0
2004,38.6,7.0
2004,37.3,6.9
2004,34.5,6.9
2004,34.6,6.9
2005,36.6,6.8
2005,37.2,6.8
2005,36.2,6.9
2005,36.4,6.9
2005,37.9,6.8
2005,40.0,6.8
2005,40.7,6.8
2005,39.7,6.8
2005,36.6,6.8
2005,36.0,6.8
2005,34.7,6.8
2005,35.5,6.8
2006,35.2,6.8
2006,37.8,6.8
2006,43.0,6.8
2006,44.7,6.8
2006,43.4,6.8
2006,40.8,6.8
2006,40.3,6.8
2006,42.2,6.8
2006,43.5,6.8
2006,44.6,6.9
2006,44.2,6.9
2006,39.1,7.0
2007,35.6,7.0
2007,31.4,7.0
2007,34.3,7.1
2007,38.3,7.1
2007,45.5,7.2
2007,49.1,7.2
2007,50.5,7.2
2007,50.5,7.3
2007,47.9,7.1
2007,46.5,7.0
2007,46.8,6.9
2007,45.4,6.8
2008,46.5,6.8
2008,46.1,6.8
2008,52.5,6.8
2008,56.3,6.8
2008,60.1,6.8
2008,60.1,6.8
2008,59.3,6.8
2008,55.0,6.8
2008,50.9,6.8
2008,46.8,6.8
2008,46.8,6.8
2008,46.0,6.9
2009,47.5,6.9
2009,46.8,6.9
2009,49.0,6.9
2009,50.2,6.9
2009,55.6,6.9
2009,59.6,6.9
2009,62.7,6.9
2009,62.9,6.8
2009,63.6,6.8
2009,63.9,6.8
2009,65.6,6.9
2009,68.8,7.0
2010,67.6,7.1
2010,67.6,7.1
2010,63.2,7.1
2010,65.0,7.0
2010,61.7,7.1
2010,61.8,7.1
2010,61.0,7.1
2010,63.3,7.1
2010,65.2,7.1
2010,68.7,7.1
2010,71.1,7.1
2010,72.8,7.4
2011,70.4,7.4
2011,68.5,7.4
2011,67.2,7.5
2011,70.6,7.5
2011,72.6,7.5
2011,73.2,7.6
2011,72.1,7.6
2011,69.3,7.6
2011,67.0,7.6
2011,62.6,7.6
2011,58.7,7.6
2011,55.4,7.7
2012,58.5,7.7
2012,63.8,7.7
2012,72.5,8.3
2012,80.4,8.3
2012,82.0,8.4
2012,82.4,8.4
2012,78.1,8.4
2012,78.8,8.4
2012,78.6,8.4
2012,80.8,8.4
2012,79.4,8.4
2012,77.7,8.8
2013,70.5,8.8
2013,65.7,8.8
2013,67.0,8.8
2013,69.8,8.8
2013,72.0,8.8
2013,71.5,8.8
2013,71.2,8.8
2013,71.6,8.8
2013,68.8,8.8
2013,66.4,8.9
2013,59.7,9.0
2013,58.5,9.0